A,Availability,Description,Latitude,Longitude,Location,Adress
Bob Mark,No Info,Love Dogs,0,0,Ocean,127 Iris Way Dalton GA
That guy2,Outdoor,Love Cats,30,0,North,California USA
That guy3,Both,The boy in the stripe coat is jumping over the lazy fox and I just drank some coffee that was pretty good and it is keeping me running and finishing this,-30,0,South,Africa
That guy4,Both,Love rats,0,-30,West,Tokyo Japan
That guy 5,Indoor,Love bass,0,30,East,816 Walnut Square Blvd Dalton GA
That guy 6,Not available,Love Guitar,37,-27,Merica,Brazil
