{
    "type": "FeatureCollection",
    "features": [
        {
            "type": "Feature",
            "geometry": {
              "type": "Point",
              "coordinates": [0, 0]
            },
            "properties": {
              
            }
          },
          {
            "type": "Feature",
            "geometry": {
              "type": "Point",
              "coordinates": [30, 0]
            },
            "properties": {
              
            }
          },
          {
            "type": "Feature",
            "geometry": {
              "type": "Point",
              "coordinates": [0, 30]
            },
            "properties": {
              
            }
          },
          {
            "type": "Feature",
            "geometry": {
              "type": "Point",
              "coordinates": [-30, 0]
            },
            "properties": {
              
            }
          },
          {
            "type": "Feature",
            "geometry": {
              "type": "Point",
              "coordinates": [0, -30]
            },
            "properties": {
              
            }
          }
    ]
}